qx, qy, qz, qw, ax, ay, az, gx, gy, gz
5025,-683,-6794,14020,379,-1529,1357,-4,0,0
5025,-683,-6794,14020,377,-1521,1357,-4,0,3
5025,-683,-6794,14020,377,-1520,1345,-6,3,0
5025,-683,-6794,14020,371,-1526,1351,-8,-1,-3
5025,-683,-6794,14020,383,-1532,1355,-4,3,-7
5025,-683,-6794,14020,380,-1528,1343,9,5,-5
5025,-683,-6794,14020,384,-1514,1350,11,5,0
5025,-683,-6794,14020,385,-1520,1361,3,1,1
5025,-683,-6794,14020,380,-1527,1356,-2,2,-1
5025,-683,-6794,14020,382,-1522,1349,-8,4,2
5025,-683,-6794,14020,374,-1520,1339,6,3,2
5026,-683,-6790,14021,374,-1533,1353,23,6,-5
5026,-683,-6790,14021,375,-1512,1363,13,-1,3
5026,-683,-6790,14021,378,-1509,1355,-2,0,-3
5027,-683,-6790,14021,382,-1510,1360,-13,1,0
5026,-685,-6793,14019,374,-1529,1342,-19,3,-1
5026,-685,-6793,14019,379,-1527,1355,0,-1,2
5026,-685,-6793,14020,382,-1530,1365,3,-2,-2
5027,-685,-6793,14020,383,-1512,1361,4,4,-2
5027,-684,-6793,14020,380,-1514,1353,-2,3,0
5027,-684,-6792,14020,381,-1520,1362,-5,1,-5
5027,-684,-6793,14020,385,-1527,1342,0,1,-1
5028,-684,-6789,14021,378,-1520,1356,16,6,-2
5028,-684,-6789,14021,380,-1512,1351,15,5,-3
5028,-684,-6789,14021,381,-1509,1351,13,5,-4
5028,-684,-6789,14021,382,-1515,1369,4,5,-3
5028,-684,-6789,14021,379,-1522,1365,0,4,1
5028,-684,-6788,14021,381,-1526,1363,-1,1,-2
5028,-684,-6788,14021,367,-1521,1375,0,1,2
5028,-684,-6788,14021,377,-1507,1341,-1,-1,-1
5028,-684,-6788,14021,379,-1525,1362,-8,0,-4
5028,-684,-6788,14022,378,-1516,1359,-6,-1,-1
5028,-684,-6788,14021,386,-1538,1344,-8,-3,-12
5028,-684,-6788,14021,380,-1529,1353,3,0,-9
5030,-683,-6785,14022,378,-1515,1349,18,9,-8
5030,-683,-6785,14022,381,-1517,1351,15,10,-9
5030,-683,-6785,14022,392,-1521,1363,4,8,-5
5030,-683,-6784,14022,374,-1515,1363,9,11,-5
5030,-683,-6784,14022,382,-1519,1360,7,11,-1
5030,-683,-6784,14023,382,-1512,1364,9,7,8
5030,-683,-6784,14023,368,-1505,1358,1,4,8
5030,-683,-6783,14023,374,-1511,1368,-10,0,3
5030,-683,-6783,14023,375,-1509,1360,-16,-5,5
5029,-683,-6786,14022,387,-1520,1363,-21,-4,6
5027,-684,-6790,14021,371,-1521,1359,-28,-9,8
5026,-685,-6793,14020,375,-1518,1360,-25,-10,4
5024,-685,-6796,14019,378,-1511,1359,-29,-9,6
5022,-686,-6800,14017,378,-1515,1362,-31,-9,7
5020,-686,-6804,14016,377,-1505,1349,-32,-8,8
5018,-687,-6811,14014,379,-1531,1344,-39,-15,6
5016,-688,-6817,14011,381,-1535,1345,-34,-10,6
5016,-688,-6817,14011,380,-1536,1341,-13,-5,5
5016,-688,-6817,14011,378,-1528,1344,-7,-2,2
5016,-688,-6817,14011,376,-1521,1359,-7,-4,-1
5016,-688,-6817,14011,378,-1532,1355,-3,-2,-6
5016,-688,-6817,14011,379,-1527,1356,2,0,-2
5016,-687,-6817,14011,387,-1524,1354,-5,-2,-3
5016,-688,-6817,14011,373,-1526,1341,-5,3,-5
5016,-688,-6817,14011,372,-1545,1350,2,6,-6
5016,-688,-6817,14011,379,-1536,1346,14,5,0
5016,-688,-6817,14011,372,-1515,1353,14,4,-4
5016,-688,-6817,14012,378,-1525,1357,0,-1,-1
5016,-688,-6816,14012,378,-1524,1351,-7,4,-2
5016,-688,-6817,14012,381,-1536,1347,-1,8,1
5017,-687,-6813,14013,377,-1515,1352,17,6,-3
5018,-687,-6808,14015,378,-1526,1366,20,3,-1
5018,-687,-6808,14015,379,-1512,1361,8,3,1
5018,-686,-6807,14015,376,-1513,1357,-14,3,0
5018,-686,-6807,14015,386,-1534,1350,-14,5,-3
5018,-686,-6807,14015,379,-1524,1358,-3,4,2
5018,-686,-6807,14015,377,-1528,1352,-1,-2,1
5018,-686,-6807,14015,377,-1539,1353,4,0,-2
5018,-686,-6807,14015,381,-1514,1355,-1,1,-1
5018,-686,-6807,14016,373,-1513,1360,-10,2,0
5018,-686,-6807,14016,382,-1531,1360,-7,4,-1
5018,-686,-6806,14016,372,-1517,1359,1,0,2
5018,-686,-6806,14016,379,-1526,1350,3,2,-4
5018,-686,-6806,14016,381,-1530,1351,-1,-1,-5
5018,-686,-6806,14016,378,-1525,1341,-8,3,-3
5018,-686,-6806,14016,374,-1522,1345,-7,-3,-3
5018,-686,-6806,14016,385,-1519,1348,0,5,-5
5019,-686,-6806,14016,378,-1522,1368,-1,6,-3
5019,-686,-6806,14016,373,-1521,1353,2,4,0
5019,-686,-6806,14016,383,-1520,1362,-3,1,-3
5019,-686,-6806,14016,388,-1520,1348,1,0,-1
5019,-686,-6805,14016,382,-1521,1358,-12,-5,-2
5019,-686,-6805,14016,384,-1523,1363,-11,0,-2
5019,-685,-6805,14016,378,-1523,1361,-2,3,0
5019,-685,-6805,14016,378,-1516,1349,4,1,-1
5019,-685,-6805,14016,376,-1525,1360,-7,0,0
5019,-685,-6804,14017,381,-1521,1353,-11,0,2
5019,-686,-6804,14017,370,-1532,1360,-8,5,1
5019,-686,-6802,14018,370,-1527,1348,17,2,0
5019,-686,-6801,14018,376,-1529,1368,10,-2,0
5019,-686,-6801,14018,377,-1505,1364,-4,-3,0
5019,-687,-6804,14016,376,-1515,1346,-25,1,-3
5020,-687,-6807,14015,380,-1526,1353,-17,-4,-3
5019,-687,-6807,14015,383,-1551,1333,-12,1,-1
5019,-687,-6807,14015,377,-1529,1356,7,3,0
5020,-687,-6807,14015,376,-1512,1352,7,7,1
5020,-687,-6806,14015,369,-1504,1355,-1,6,-2
5020,-687,-6806,14015,379,-1516,1344,-15,-1,-1
5020,-687,-6806,14015,374,-1527,1350,-11,-2,0
5020,-687,-6806,14015,380,-1533,1352,-13,0,-1
5020,-687,-6806,14015,381,-1528,1352,-3,0,0
5020,-687,-6806,14015,374,-1515,1348,-2,-1,-2
5020,-687,-6806,14015,373,-1519,1342,-3,0,-1
5020,-687,-6806,14015,387,-1516,1343,-10,-4,-1
5019,-687,-6809,14014,375,-1518,1343,-19,-9,1
5019,-687,-6813,14012,381,-1524,1342,-22,-4,-2
5019,-687,-6813,14012,381,-1532,1352,-11,-1,-1
5019,-687,-6813,14012,382,-1529,1354,-2,-1,-6
5019,-687,-6813,14012,385,-1529,1357,2,1,-6
5019,-687,-6813,14013,381,-1521,1358,7,8,-1
5019,-687,-6813,14013,382,-1525,1349,3,6,-3
5019,-686,-6813,14013,383,-1524,1354,2,-1,-1
5019,-686,-6812,14013,377,-1522,1351,5,-2,1
5019,-686,-6812,14013,381,-1527,1346,2,3,-4
5019,-686,-6813,14012,383,-1538,1339,2,-3,-3
5019,-686,-6813,14013,379,-1522,1356,1,0,1
5019,-686,-6812,14013,381,-1518,1349,-8,1,2
5019,-688,-6814,14012,371,-1523,1351,-18,2,-3
5019,-688,-6814,14011,382,-1537,1353,-12,-1,-2
5019,-688,-6815,14011,381,-1534,1339,-2,-4,0
5019,-688,-6815,14011,386,-1530,1357,10,-2,-2
5019,-688,-6814,14011,382,-1518,1353,-6,-1,2
5019,-688,-6817,14010,386,-1513,1346,-24,-3,4
5019,-688,-6822,14008,385,-1525,1333,-27,-2,-1
5019,-688,-6823,14008,378,-1541,1340,-10,0,1
5019,-689,-6823,14008,379,-1532,1342,-2,-4,4
5019,-688,-6823,14008,384,-1526,1344,-3,-2,4
5019,-688,-6823,14008,381,-1543,1352,-9,2,-1
5019,-689,-6823,14007,380,-1545,1339,-2,6,0
5019,-688,-6819,14009,375,-1515,1355,16,4,1
5019,-688,-6819,14009,381,-1521,1358,13,-3,-2
5019,-688,-6818,14010,384,-1519,1357,3,-1,-1
5020,-688,-6821,14008,382,-1517,1356,-22,-4,-2
5020,-688,-6821,14008,383,-1526,1338,-16,-2,-2
5020,-688,-6821,14008,391,-1545,1345,-6,1,-1
5020,-688,-6821,14008,376,-1534,1333,5,2,1
5021,-687,-6819,14009,384,-1530,1344,18,5,-3
5022,-687,-6813,14011,375,-1513,1359,21,8,-3
5022,-687,-6813,14011,380,-1516,1359,-5,3,-1
5022,-686,-6813,14011,388,-1531,1355,-8,2,-5
5022,-687,-6813,14011,382,-1545,1353,11,6,-1
5023,-686,-6810,14012,381,-1536,1341,27,7,-5
5025,-684,-6805,14014,383,-1527,1345,34,5,-4
5026,-683,-6799,14017,381,-1519,1355,29,6,-5
5026,-683,-6800,14016,389,-1529,1337,14,3,-10
5027,-681,-6798,14017,380,-1530,1345,16,-4,-8
5028,-678,-6798,14017,381,-1543,1336,18,-12,-13
5031,-672,-6793,14018,387,-1544,1340,48,-10,-22
5036,-668,-6789,14018,392,-1560,1330,49,6,-36
5045,-664,-6786,14017,410,-1553,1329,44,15,-46
5056,-665,-6779,14017,368,-1572,1354,53,40,-65
5071,-661,-6754,14023,365,-1489,1390,122,43,-71
5083,-655,-6741,14025,376,-1484,1382,62,18,-65
5094,-648,-6733,14026,408,-1528,1390,54,7,-58
5098,-643,-6716,14032,402,-1491,1395,85,13,-15
5099,-642,-6715,14033,395,-1445,1386,10,11,9
5109,-631,-6721,14027,468,-1458,1356,-31,-11,-51
5105,-636,-6734,14022,415,-1540,1384,-79,0,21
5105,-641,-6745,14017,401,-1524,1366,-71,7,6
5109,-644,-6760,14007,429,-1588,1353,-71,14,-29
5116,-648,-6767,14002,440,-1594,1347,-17,44,-22
5127,-653,-6763,13999,441,-1533,1359,9,73,-32
5145,-660,-6762,13992,463,-1593,1383,2,99,-63
5167,-669,-6745,13992,453,-1617,1346,116,147,-64
5196,-676,-6721,13993,481,-1536,1347,126,172,-89
5234,-671,-6699,13989,595,-1547,1336,146,180,-116
5276,-654,-6647,13999,586,-1502,1346,328,178,-139
5323,-632,-6585,14012,580,-1380,1358,357,177,-159
5373,-614,-6541,14014,567,-1393,1371,243,172,-201
5424,-601,-6505,14012,559,-1362,1388,177,173,-202
5476,-590,-6483,14002,525,-1312,1393,70,144,-230
5531,-577,-6470,13987,494,-1295,1369,27,120,-276
5588,-566,-6467,13966,484,-1290,1374,-37,107,-301
5645,-562,-6468,13943,448,-1330,1420,-79,112,-308
5702,-561,-6472,13918,449,-1405,1399,-71,119,-322
5763,-559,-6466,13896,438,-1416,1398,-3,137,-338
5829,-558,-6455,13874,468,-1456,1423,28,171,-358
5896,-568,-6444,13850,422,-1407,1497,-44,198,-353
5962,-586,-6444,13820,416,-1417,1428,-98,214,-352
6027,-615,-6452,13787,414,-1496,1490,-155,241,-344
6092,-645,-6453,13757,435,-1487,1470,-115,267,-319
6154,-681,-6450,13729,417,-1446,1498,-135,293,-292
6218,-719,-6454,13696,420,-1384,1475,-199,292,-301
6280,-762,-6462,13662,406,-1440,1419,-188,306,-293
6346,-805,-6467,13627,442,-1465,1432,-172,335,-301
6413,-851,-6460,13596,416,-1451,1435,-121,363,-292
6479,-896,-6448,13567,407,-1377,1423,-114,369,-282
6543,-944,-6446,13534,374,-1391,1397,-164,353,-286
6610,-989,-6445,13499,404,-1398,1424,-172,345,-302
6680,-1033,-6444,13461,425,-1463,1455,-163,361,-323
6754,-1079,-6440,13423,400,-1414,1464,-177,373,-338
6828,-1129,-6441,13381,422,-1430,1433,-202,391,-338
6905,-1186,-6447,13333,417,-1407,1519,-299,408,-340
6985,-1251,-6450,13284,380,-1416,1453,-276,460,-355
7069,-1327,-6451,13232,395,-1349,1468,-335,527,-344
7159,-1416,-6441,13179,358,-1327,1455,-321,619,-341
7259,-1526,-6435,13115,327,-1358,1448,-397,724,-384
7362,-1657,-6442,13037,333,-1411,1450,-525,804,-387
7462,-1800,-6453,12956,233,-1415,1452,-589,813,-389
7568,-1940,-6469,12866,233,-1583,1416,-559,809,-466
7673,-2062,-6478,12780,289,-1701,1408,-432,771,-463
7770,-2163,-6472,12708,322,-1668,1407,-302,705,-414
7859,-2248,-6460,12644,343,-1686,1388,-213,641,-369
7939,-2322,-6435,12593,332,-1570,1334,-123,601,-309
8019,-2377,-6415,12543,379,-1567,1286,-73,528,-327
8099,-2407,-6382,12502,400,-1478,1244,58,461,-327
8178,-2425,-6349,12464,409,-1352,1214,66,412,-336
8242,-2459,-6352,12414,409,-1452,1248,-144,352,-301
8294,-2495,-6362,12366,384,-1460,1295,-206,297,-264
8342,-2522,-6371,12324,376,-1517,1271,-143,249,-254
8374,-2563,-6404,12277,347,-1636,1281,-279,194,-213
8416,-2583,-6414,12239,327,-1567,1297,-126,176,-259
8454,-2604,-6424,12202,324,-1591,1292,-117,170,-244
8479,-2642,-6452,12163,322,-1598,1273,-255,163,-175
8493,-2699,-6489,12120,290,-1653,1299,-371,180,-121
8512,-2756,-6531,12071,256,-1550,1151,-380,182,-163
8526,-2836,-6593,12009,221,-1690,1170,-536,207,-181
8545,-2892,-6635,11959,302,-1720,1202,-366,191,-162
8562,-2944,-6669,11915,276,-1548,1127,-347,185,-137
8586,-3010,-6712,11857,291,-1634,1142,-429,250,-182
8608,-3079,-6746,11804,324,-1781,1220,-392,281,-141
8633,-3122,-6763,11765,370,-1823,1150,-172,238,-132
8655,-3164,-6747,11747,279,-1729,1187,-41,267,-57
8683,-3199,-6723,11730,288,-1706,1248,-11,286,-74
8718,-3216,-6693,11717,255,-1591,1318,17,219,-136
8741,-3239,-6706,11686,223,-1561,1244,-209,107,-180
8757,-3268,-6748,11642,250,-1626,1214,-349,50,-206
8753,-3304,-6814,11596,319,-1753,1155,-443,-15,-125
8748,-3318,-6857,11570,348,-1703,1161,-262,-48,-71
8754,-3319,-6879,11552,344,-1700,1150,-105,-23,-99
8771,-3315,-6895,11531,395,-1752,1173,-63,16,-137
8782,-3315,-6907,11515,397,-1715,1154,-56,23,-87
8784,-3319,-6918,11506,357,-1726,1127,-43,1,-41
8786,-3310,-6921,11505,356,-1748,1120,52,-31,-37
8791,-3282,-6906,11519,371,-1746,1134,218,-64,-28
8797,-3233,-6869,11550,364,-1684,1200,374,-99,-1
8802,-3178,-6823,11589,367,-1702,1240,436,-115,14
8803,-3121,-6776,11631,358,-1631,1265,431,-128,44
8809,-3056,-6730,11670,392,-1436,1227,410,-141,21
8824,-3001,-6693,11695,408,-1581,1261,368,-91,-56
8821,-2959,-6662,11725,381,-1619,1277,303,-110,43
8817,-2917,-6627,11758,390,-1538,1289,312,-105,69
8818,-2885,-6592,11785,375,-1593,1316,275,-49,38
8822,-2857,-6564,11804,395,-1589,1297,242,-32,16
8832,-2834,-6541,11815,401,-1596,1291,201,-5,-28
8845,-2813,-6517,11824,405,-1540,1290,180,17,-34
8855,-2794,-6489,11836,372,-1480,1326,165,12,-12
8863,-2773,-6465,11849,359,-1457,1337,151,-15,-15
8868,-2750,-6450,11858,376,-1469,1353,105,-49,-21
8871,-2737,-6450,11859,384,-1524,1341,18,-50,-38
8877,-2728,-6454,11854,388,-1559,1323,3,-30,-60
8884,-2719,-6454,11851,401,-1580,1308,40,-13,-54
8891,-2707,-6446,11853,407,-1559,1312,81,-6,-35
8896,-2695,-6434,11858,397,-1540,1350,86,-6,-19
8899,-2685,-6428,11862,404,-1561,1338,66,-20,-16
8900,-2679,-6429,11861,410,-1543,1306,21,-17,-12
8903,-2675,-6428,11861,404,-1562,1322,21,-1,-18
8908,-2662,-6410,11870,403,-1530,1352,123,6,1
8913,-2644,-6380,11887,409,-1540,1361,209,15,26
8913,-2623,-6353,11906,376,-1483,1367,190,-29,35
8909,-2602,-6337,11921,370,-1432,1337,126,-66,30
8905,-2586,-6340,11926,386,-1485,1399,9,-94,-5
8894,-2577,-6360,11926,440,-1503,1417,-102,-116,29
8881,-2580,-6362,11934,482,-1701,1378,39,-4,96
8868,-2592,-6329,11959,419,-1646,1333,192,110,182
8856,-2611,-6302,11978,339,-1476,1338,71,105,157
8841,-2635,-6304,11982,378,-1589,1352,-66,58,121
8815,-2659,-6309,11994,371,-1659,1337,-38,17,177
8790,-2668,-6298,12016,343,-1615,1322,81,-5,187
8774,-2656,-6268,12046,346,-1645,1336,263,-24,139
8757,-2621,-6216,12093,386,-1516,1371,403,-55,198
8742,-2587,-6155,12142,372,-1541,1407,451,-28,198
8725,-2559,-6097,12189,399,-1554,1439,411,0,224
8701,-2549,-6042,12236,370,-1532,1441,341,41,274
8667,-2548,-5990,12285,357,-1471,1405,290,53,348
8623,-2561,-5950,12333,318,-1474,1398,200,46,393
8571,-2570,-5914,12385,296,-1459,1405,190,2,424
8517,-2574,-5869,12442,274,-1467,1419,253,-12,442
8462,-2573,-5818,12504,270,-1404,1424,282,-19,464
8403,-2580,-5788,12556,260,-1340,1429,124,-42,451
8340,-2603,-5790,12593,231,-1347,1421,-91,-64,425
8273,-2622,-5807,12625,216,-1393,1392,-130,-130,400
8210,-2625,-5816,12661,190,-1357,1397,-56,-183,361
8154,-2612,-5824,12696,171,-1350,1370,-2,-234,295
8109,-2584,-5830,12728,173,-1430,1419,74,-278,207
8071,-2541,-5832,12760,176,-1453,1439,140,-315,151
8041,-2486,-5826,12792,203,-1396,1434,193,-322,107
8017,-2430,-5828,12817,244,-1394,1480,142,-319,62
7993,-2377,-5840,12836,266,-1439,1439,115,-320,48
7976,-2319,-5839,12858,276,-1477,1480,197,-296,24
7965,-2256,-5822,12884,305,-1450,1520,277,-267,21
7956,-2195,-5800,12910,309,-1425,1487,300,-231,14
7953,-2137,-5775,12932,297,-1448,1492,322,-205,-17
7955,-2078,-5746,12954,340,-1426,1459,351,-172,-27
7957,-2026,-5717,12973,353,-1431,1471,338,-137,-23
7961,-1978,-5692,12990,393,-1466,1489,314,-113,-19
7964,-1939,-5667,13005,398,-1463,1507,288,-72,-8
7967,-1907,-5637,13020,367,-1406,1495,279,-36,4
7974,-1874,-5596,13039,325,-1310,1543,290,-30,-5
7979,-1844,-5567,13053,336,-1315,1547,225,-48,-15
7988,-1814,-5541,13062,324,-1329,1515,223,-48,-56
8000,-1779,-5515,13071,344,-1334,1540,243,-56,-71
8012,-1745,-5488,13079,298,-1292,1588,210,-77,-85
8029,-1704,-5468,13083,353,-1247,1525,207,-85,-116
8051,-1662,-5455,13080,398,-1276,1527,180,-83,-156
8085,-1617,-5448,13068,440,-1246,1535,141,-70,-233
8126,-1580,-5449,13046,497,-1258,1558,70,-21,-264
8166,-1557,-5453,13022,471,-1272,1566,16,8,-255
8204,-1537,-5461,12997,428,-1189,1554,-44,-3,-254
8238,-1528,-5484,12967,363,-1207,1588,-155,-38,-264
8267,-1522,-5523,12933,308,-1228,1577,-236,-106,-279
8291,-1505,-5565,12901,300,-1198,1552,-230,-176,-282
8310,-1487,-5619,12867,282,-1253,1598,-279,-247,-286
8322,-1477,-5681,12834,300,-1319,1644,-339,-244,-246
8337,-1480,-5737,12799,310,-1355,1634,-337,-166,-238
8350,-1505,-5767,12774,331,-1495,1722,-249,-13,-157
8366,-1554,-5763,12759,308,-1573,1607,-81,204,-86
8387,-1605,-5731,12754,315,-1382,1518,17,309,-34
8415,-1621,-5651,12768,306,-1252,1550,308,303,-36
8433,-1604,-5553,12802,293,-1175,1800,415,148,14
8413,-1587,-5562,12814,392,-1009,1436,-62,-136,115
8396,-1555,-5591,12816,466,-1173,1580,-105,-241,31
8377,-1549,-5659,12800,506,-1304,1625,-360,-225,22
8355,-1555,-5723,12785,526,-1313,1562,-355,-159,61
8324,-1581,-5784,12774,490,-1335,1493,-375,-89,149
8293,-1615,-5844,12763,440,-1381,1466,-374,-68,136
8265,-1652,-5904,12748,405,-1449,1453,-371,-65,104
8242,-1682,-5958,12734,422,-1511,1446,-296,-58,74
8225,-1701,-5992,12727,423,-1467,1438,-187,-43,64
8212,-1710,-6011,12725,412,-1437,1432,-87,-39,49
8202,-1711,-6023,12726,428,-1414,1448,-52,-48,37
8194,-1709,-6036,12725,435,-1406,1460,-52,-57,26
8185,-1709,-6050,12724,436,-1399,1463,-74,-58,25
8175,-1711,-6069,12721,441,-1391,1455,-107,-55,36
8166,-1717,-6092,12715,439,-1436,1437,-117,-52,24
8160,-1721,-6111,12710,444,-1442,1434,-92,-39,7
8156,-1723,-6124,12705,447,-1447,1433,-57,-26,3
8154,-1723,-6131,12703,448,-1456,1423,-19,-16,4
8154,-1723,-6132,12703,448,-1445,1441,13,-10,8
8153,-1720,-6129,12706,445,-1438,1438,35,-3,8
8152,-1718,-6124,12708,440,-1444,1440,46,4,5
8155,-1715,-6115,12712,430,-1424,1447,58,12,-3
8158,-1710,-6106,12715,434,-1417,1439,68,15,-11
8162,-1705,-6096,12718,443,-1417,1445,72,14,-12
8166,-1699,-6084,12722,437,-1403,1465,74,13,-8
8168,-1694,-6073,12726,428,-1400,1453,68,9,-2
8170,-1689,-6065,12730,440,-1399,1444,61,4,-1
8171,-1683,-6058,12733,445,-1407,1452,59,1,2
8171,-1677,-6050,12737,452,-1425,1452,70,4,6
8172,-1672,-6039,12743,448,-1421,1456,87,12,12
8173,-1667,-6024,12750,441,-1411,1468,103,23,12
8176,-1659,-6002,12759,447,-1393,1471,136,33,17
8177,-1652,-5979,12770,438,-1395,1465,151,32,27
8176,-1645,-5957,12782,440,-1419,1460,164,33,32
8178,-1638,-5931,12794,443,-1441,1466,189,46,25
8186,-1627,-5899,12805,454,-1444,1466,233,65,-3
8198,-1614,-5853,12820,428,-1416,1490,303,94,-16
8212,-1597,-5797,12839,421,-1389,1497,359,104,-17
8230,-1574,-5735,12858,428,-1387,1517,406,102,-36
8250,-1548,-5666,12879,403,-1349,1527,441,107,-52
8273,-1518,-5590,12901,398,-1276,1563,454,105,-58
8294,-1488,-5516,12922,385,-1228,1584,431,91,-53
8311,-1461,-5452,12942,377,-1197,1615,362,69,-42
8324,-1438,-5401,12957,376,-1178,1625,274,43,-32
8333,-1420,-5369,12967,399,-1170,1612,171,18,-20
8337,-1411,-5356,12971,408,-1213,1600,77,3,-11
8339,-1407,-5352,12971,417,-1237,1600,21,4,-13
8340,-1407,-5351,12971,403,-1231,1610,4,13,-12
8342,-1406,-5345,12973,392,-1248,1599,33,11,-9
8342,-1396,-5332,12979,389,-1288,1591,117,-17,-7
8341,-1378,-5314,12989,394,-1285,1607,165,-41,1
8338,-1358,-5293,13001,369,-1229,1619,166,-60,7
8339,-1332,-5274,13011,342,-1248,1684,163,-102,-39
8337,-1294,-5254,13025,333,-1292,1757,205,-173,-43
8339,-1234,-5256,13028,490,-1334,1729,180,-255,-105
8332,-1183,-5281,13028,500,-1357,1621,94,-284,-68
8327,-1131,-5305,13025,486,-1241,1561,62,-290,-86
8327,-1086,-5345,13012,564,-1233,1582,-53,-267,-105
8335,-1053,-5377,12997,542,-1271,1609,-52,-188,-137
8352,-1030,-5414,12972,599,-1254,1565,-109,-118,-173
8387,-1030,-5472,12926,687,-1264,1462,-270,11,-252
8433,-1024,-5521,12875,777,-1168,1435,-260,68,-282
8484,-1040,-5631,12793,697,-1108,1478,-694,-43,-396
8516,-1065,-5772,12706,807,-1155,1461,-867,-89,-294
8519,-1118,-5904,12639,818,-1289,1393,-823,0,-59
8514,-1170,-5988,12598,676,-1301,1308,-534,60,16
8517,-1188,-6065,12557,864,-1328,1434,-455,0,-24
8504,-1209,-6160,12518,1038,-1233,1394,-576,-7,131
8488,-1256,-6249,12480,866,-1232,1443,-658,37,148
8467,-1310,-6340,12443,865,-1386,1355,-607,59,160
8455,-1346,-6413,12410,921,-1482,1331,-436,70,119
8449,-1370,-6467,12383,935,-1433,1343,-329,87,102
8445,-1385,-6493,12370,928,-1366,1335,-186,124,141
8444,-1400,-6523,12354,930,-1281,1314,-234,116,129
8428,-1425,-6551,12347,870,-1326,1233,-202,122,219
8406,-1458,-6602,12331,890,-1342,1246,-347,79,229
8367,-1502,-6676,12312,858,-1481,1279,-467,12,277
8326,-1548,-6722,12309,769,-1456,1280,-338,47,325
8275,-1563,-6732,12336,760,-1453,1260,-33,-16,402
8225,-1578,-6730,12369,675,-1350,1264,-2,-12,410
8174,-1596,-6729,12401,645,-1475,1292,6,-10,385
8113,-1624,-6737,12433,603,-1522,1247,-29,-27,436
8049,-1646,-6728,12476,502,-1470,1278,53,-52,441
7983,-1658,-6698,12533,372,-1309,1258,150,-90,456
7918,-1675,-6682,12580,250,-1398,1269,82,-132,373
7849,-1696,-6700,12611,292,-1580,1292,-60,-198,330
7787,-1709,-6710,12643,346,-1597,1370,-32,-179,317
7732,-1719,-6690,12686,306,-1483,1369,106,-117,326
7692,-1732,-6676,12716,262,-1440,1302,58,-78,220
7659,-1748,-6685,12729,297,-1494,1326,-80,-89,156
7620,-1771,-6715,12733,303,-1504,1332,-212,-120,159
7580,-1793,-6737,12742,296,-1497,1375,-194,-114,180
7542,-1819,-6765,12746,297,-1458,1351,-248,-102,175
7507,-1849,-6806,12741,260,-1431,1299,-331,-108,131
7475,-1873,-6862,12727,267,-1452,1264,-385,-157,69
7446,-1887,-6926,12706,230,-1482,1303,-426,-225,-6
7422,-1885,-6980,12691,174,-1475,1350,-355,-292,-70
7400,-1875,-7042,12671,157,-1498,1329,-367,-344,-128
7387,-1864,-7140,12626,235,-1533,1248,-543,-368,-231
7397,-1840,-7231,12571,280,-1576,1247,-486,-339,-373
7419,-1802,-7303,12522,260,-1585,1252,-360,-342,-452
7447,-1750,-7368,12475,277,-1579,1293,-302,-377,-500
7463,-1695,-7448,12425,306,-1632,1217,-335,-447,-481
7489,-1650,-7559,12348,412,-1656,1207,-557,-418,-554
7537,-1600,-7658,12264,501,-1656,1163,-489,-322,-641
7593,-1560,-7759,12171,524,-1600,1112,-552,-262,-667
7635,-1528,-7881,12070,508,-1644,1078,-669,-320,-648
7659,-1518,-8034,11955,541,-1739,1117,-918,-367,-576
7685,-1521,-8174,11842,559,-1821,1086,-870,-278,-552
7718,-1535,-8267,11755,525,-1807,1039,-636,-108,-473
7739,-1561,-8328,11693,370,-1796,1032,-483,-70,-381
7740,-1627,-8402,11631,228,-1834,970,-627,-27,-263
7723,-1700,-8480,11576,195,-1771,950,-671,-65,-156
7707,-1761,-8532,11538,217,-1701,979,-533,-52,-104
7662,-1833,-8615,11495,189,-1751,876,-669,-159,-14
7594,-1923,-8736,11434,215,-1870,803,-896,-225,59
7524,-2008,-8849,11379,309,-1928,815,-845,-221,111
7453,-2067,-8927,11354,333,-1979,792,-551,-239,152
7375,-2117,-9016,11325,355,-1993,739,-578,-311,141
7323,-2146,-9100,11286,569,-1945,837,-585,-269,66
7282,-2163,-9151,11269,589,-1707,982,-485,-236,125
7265,-2241,-9237,11194,883,-1683,1106,-1013,57,199
7280,-2391,-9312,11091,812,-1870,1144,-1214,457,193
7324,-2547,-9322,11018,609,-1900,1036,-821,698,131
7395,-2676,-9292,10965,491,-1796,856,-448,775,-6
7476,-2778,-9250,10921,424,-1722,784,-269,730,-115
7552,-2866,-9234,10859,468,-1667,762,-391,623,-176
7615,-2950,-9269,10762,645,-1927,758,-661,503,-240
7670,-3036,-9311,10663,711,-2257,749,-660,471,-230
7722,-3093,-9313,10606,759,-2381,699,-267,433,-162
7772,-3119,-9274,10596,707,-2118,659,98,370,-66
7801,-3133,-9241,10601,619,-1933,653,112,219,-12
7821,-3135,-9222,10601,587,-1864,670,48,109,-50
7834,-3135,-9224,10590,586,-1851,686,-76,30,-81
7845,-3130,-9237,10572,615,-1827,688,-128,-10,-103
7854,-3118,-9250,10557,631,-1860,705,-112,-48,-110
7865,-3096,-9263,10544,656,-1975,623,-14,-65,-158
7881,-3057,-9263,10543,690,-1915,599,125,-79,-160
7883,-3017,-9265,10552,698,-1880,577,143,-137,-84
7877,-2971,-9270,10565,740,-1870,555,167,-186,-43
7870,-2921,-9276,10579,765,-1832,532,184,-205,-38
7862,-2869,-9284,10592,776,-1815,510,183,-206,-41
7851,-2822,-9297,10601,777,-1821,508,146,-213,-34
7834,-2782,-9317,10607,786,-1852,499,89,-220,-12
7816,-2745,-9338,10611,798,-1875,472,87,-208,0
7801,-2712,-9353,10618,794,-1846,451,117,-167,7
7792,-2684,-9363,10623,781,-1832,457,115,-121,4
7784,-2668,-9373,10624,749,-1792,469,60,-74,10
7778,-2664,-9386,10618,744,-1787,472,-12,-34,20
7773,-2670,-9402,10605,737,-1813,488,-73,2,18
7773,-2682,-9416,10590,727,-1836,508,-91,45,11
7778,-2700,-9424,10575,721,-1842,515,-89,89,13
7784,-2724,-9430,10559,723,-1833,543,-115,116,25
7791,-2751,-9437,10541,721,-1845,553,-142,130,31
7801,-2779,-9441,10523,732,-1869,571,-134,146,24
7816,-2804,-9439,10506,732,-1861,594,-113,160,9
7832,-2828,-9437,10490,730,-1840,594,-108,164,3
7848,-2851,-9435,10473,720,-1836,613,-119,155,1
7863,-2873,-9433,10457,713,-1844,616,-119,144,-3
7878,-2891,-9431,10443,717,-1870,623,-95,127,-14
7894,-2903,-9427,10432,717,-1866,618,-64,109,-24
7907,-2910,-9423,10423,725,-1855,598,-41,89,-24
7918,-2916,-9426,10412,720,-1825,567,-56,65,-23
7924,-2919,-9435,10397,734,-1808,606,-112,22,-26
7924,-2918,-9459,10375,773,-1839,626,-194,-45,-38
7919,-2911,-9492,10351,837,-1934,637,-218,-104,-45
7920,-2886,-9526,10326,925,-1987,646,-165,-140,-99
7954,-2825,-9533,10310,1057,-1972,678,69,-87,-217
8013,-2715,-9514,10312,1282,-2108,781,358,-112,-334
8094,-2551,-9501,10302,1479,-2044,763,479,-200,-537
8181,-2354,-9485,10295,1693,-1923,849,551,-279,-551
8248,-2160,-9488,10283,1688,-1859,873,433,-394,-531
8317,-1951,-9530,10229,1778,-1791,744,259,-479,-706
8426,-1709,-9570,10145,1872,-1845,821,267,-456,-1053
8546,-1426,-9591,10068,1734,-1813,830,487,-553,-1303
8667,-1103,-9617,9981,1722,-1841,757,623,-731,-1691
8791,-738,-9668,9856,1620,-1765,623,549,-923,-1989
8927,-333,-9734,9690,1596,-1744,557,494,-1058,-2297
9058,103,-9823,9480,1445,-1750,431,376,-1241,-2562
9211,586,-9891,9242,1302,-1573,401,499,-1265,-2888
9357,1091,-9952,8981,1253,-1682,449,501,-1348,-3052
9486,1592,-10000,8713,1428,-1919,637,514,-1376,-3043
9584,2086,-10013,8483,1413,-2034,745,735,-1350,-2861
9660,2556,-9989,8294,1286,-1848,848,910,-1223,-2609
9711,2974,-9945,8146,921,-1662,991,945,-1087,-2256
9749,3283,-9930,8000,875,-1719,982,531,-927,-1827
9790,3384,-9859,7995,899,-1965,1436,398,-535,-1379
9797,3459,-9751,8087,740,-1766,1111,832,-187,-843
9807,3539,-9558,8269,720,-1724,1177,1391,186,-658
9794,3537,-9378,8488,529,-1464,1023,1248,404,-74
9762,3490,-9185,8751,501,-1216,1064,1264,565,386
9725,3336,-9028,9012,526,-989,1053,775,761,905
9663,3060,-8927,9273,375,-1051,918,268,936,1381
9582,2779,-8841,9524,233,-1020,714,200,1119,1753
9498,2484,-8726,9793,235,-937,520,318,1297,1852
9409,2192,-8578,10076,416,-892,307,494,1425,1892
9309,1901,-8407,10366,479,-777,158,614,1486,1957
9202,1628,-8232,10645,369,-580,-63,663,1428,1908
9071,1342,-8095,10899,249,-542,-73,425,1268,1974
8951,1050,-7993,11105,489,-690,-11,148,1201,1825
8858,742,-7898,11271,427,-670,62,73,1373,1597
8853,431,-7759,11387,243,-463,51,-61,1645,1160
8914,94,-7655,11418,14,-384,268,-539,1772,708
8974,-307,-7647,11372,-97,-667,508,-1299,1579,466
9055,-641,-7760,11216,51,-1294,547,-1818,1147,-10
9168,-877,-7907,11004,246,-1580,474,-1557,738,-808
9388,-857,-8050,10712,549,-1826,562,-1127,154,-1907
9708,-598,-8329,10220,1740,-1854,660,-1389,-761,-3528
9896,-289,-8820,9624,3381,-2270,1476,-2349,-1978,-3513
9878,-29,-9428,9054,4221,-2937,1905,-2842,-2916,-2713
9908,489,-9816,8583,5633,-3465,583,-972,-2813,-3361
9945,1018,-9868,8432,5652,-2820,557,1125,-1630,-2380
9950,1527,-9565,8695,5104,-815,449,3491,-329,-944
9854,1808,-9320,9011,4446,1832,-162,2766,-149,312
9667,1659,-9364,9194,3575,1375,319,59,-176,1691
9384,1375,-9502,9391,3114,-136,784,-638,-302,2752
9036,1153,-9543,9715,2798,-1002,876,341,-371,3029
8645,1021,-9462,10155,2557,-1328,740,1440,-368,3154
8242,952,-9274,10658,2524,-1157,578,2211,-267,3178
7857,867,-9018,11163,2558,-808,684,2398,49,3188
7470,705,-8749,11644,2297,-818,660,2165,370,3353
7052,448,-8598,12023,1905,-759,569,1168,321,3506
6643,167,-8550,12295,1535,-963,521,379,175,3259
6246,-106,-8558,12496,1522,-1179,506,-25,49,3023
5857,-364,-8568,12672,1430,-1275,597,-83,-5,2894
5497,-581,-8530,12849,1256,-1304,520,221,-4,2642
5179,-755,-8439,13031,1165,-1280,606,548,22,2352
4904,-906,-8308,13211,1053,-1226,610,771,116,2098
4671,-1041,-8179,13365,911,-1134,568,733,163,1806
4495,-1140,-8119,13454,811,-1189,516,380,204,1519
4340,-1246,-8104,13504,729,-1149,669,-16,208,1344
4197,-1362,-8113,13533,595,-1327,643,-139,231,1213
4056,-1475,-8165,13533,543,-1649,672,-353,170,1112
3928,-1581,-8199,13538,486,-1743,731,-242,180,1031
3850,-1675,-8193,13553,318,-1776,771,-6,273,736
3825,-1750,-8167,13566,239,-1749,792,125,344,418
3839,-1809,-8134,13574,172,-1667,762,178,377,166
3880,-1862,-8124,13561,117,-1645,764,36,386,-37
3946,-1910,-8142,13525,109,-1606,782,-159,416,-224
4035,-1960,-8200,13456,77,-1629,729,-398,443,-411
4160,-2000,-8279,13363,58,-1667,710,-524,480,-665
4331,-2018,-8359,13256,59,-1824,673,-456,508,-979
4533,-2015,-8408,13157,67,-1827,650,-238,547,-1160
4772,-1988,-8435,13060,61,-1642,625,-107,565,-1385
5045,-1971,-8482,12929,168,-1603,527,-245,720,-1545
5347,-1973,-8526,12777,205,-1819,508,-395,913,-1632
5685,-1983,-8559,12606,196,-1851,575,-397,1078,-1801
6035,-1946,-8528,12470,131,-1615,767,49,1006,-1889
6358,-1922,-8568,12284,109,-1562,777,-454,860,-1894
6665,-1944,-8690,12029,292,-1868,787,-1093,878,-1891
6968,-1941,-8780,11791,392,-2166,838,-852,830,-1892
7256,-1888,-8821,11593,329,-1978,901,-443,662,-1861
7504,-1829,-8889,11391,416,-1752,901,-588,453,-1739
7718,-1815,-9031,11136,482,-1701,937,-1181,367,-1648
7883,-1842,-9199,10875,425,-1863,725,-1403,253,-1534
8006,-1844,-9374,10633,398,-2027,491,-1216,28,-1491
8101,-1836,-9557,10397,435,-1961,507,-1256,-132,-1396
8168,-1819,-9736,10179,667,-2103,493,-1175,-230,-1224
8233,-1814,-9885,9983,869,-1973,636,-1147,-146,-987
8279,-1850,-10016,9805,937,-2013,633,-1162,-30,-716
8316,-1898,-10127,9650,869,-2013,556,-1044,20,-607
8350,-1928,-10219,9516,964,-2078,609,-894,-27,-573
8362,-1959,-10313,9397,1043,-1913,673,-925,-131,-380
8364,-1993,-10410,9281,1098,-1635,758,-1022,-197,-230
8366,-2044,-10492,9174,1172,-1806,706,-966,-98,-153
8375,-2117,-10538,9097,1179,-2065,728,-802,69,-53
8415,-2168,-10523,9066,1213,-2145,681,-340,264,-60
8471,-2167,-10465,9081,1124,-1746,566,161,287,-64
8523,-2126,-10424,9089,1095,-1340,416,229,145,-127
8546,-2089,-10429,9070,1170,-1664,339,31,-30,-202
8563,-2027,-10431,9066,1330,-2021,351,186,-119,-265
8574,-1934,-10398,9114,1280,-2031,341,587,-169,-215
8595,-1807,-10345,9179,1274,-1636,305,799,-176,-197
8612,-1691,-10326,9207,1226,-1419,267,534,-224,-247
8619,-1605,-10352,9187,1248,-1530,304,120,-278,-306
8620,-1529,-10388,9158,1260,-1803,310,52,-299,-379
8642,-1431,-10396,9144,1311,-1861,381,238,-235,-466
8686,-1306,-10368,9153,1304,-1720,426,499,-158,-527
8740,-1165,-10331,9163,1309,-1591,500,551,-171,-577
8788,-1011,-10293,9178,1317,-1575,552,588,-244,-603
8823,-845,-10251,9208,1334,-1673,627,681,-336,-600
8848,-658,-10196,9260,1332,-1714,657,864,-413,-603
8865,-449,-10132,9326,1354,-1684,713,992,-498,-616
8875,-222,-10060,9403,1366,-1616,736,1114,-564,-614
8879,28,-9988,9478,1384,-1552,697,1197,-632,-672
8877,283,-9919,9547,1402,-1544,687,1198,-674,-696
8860,534,-9857,9617,1391,-1593,660,1199,-721,-682
8834,790,-9791,9690,1411,-1608,647,1259,-747,-680
8805,1054,-9725,9757,1463,-1545,630,1265,-768,-696
8769,1321,-9662,9820,1472,-1468,605,1268,-805,-687
8724,1591,-9607,9874,1484,-1413,597,1223,-868,-685
8671,1860,-9561,9918,1474,-1394,566,1170,-914,-702
8615,2126,-9517,9955,1436,-1378,577,1134,-947,-734
8551,2392,-9480,9986,1419,-1368,545,1107,-991,-739
8484,2664,-9444,10009,1393,-1279,545,1086,-1042,-763
8418,2930,-9413,10019,1314,-1198,497,1008,-1042,-791
8360,3184,-9393,10008,1218,-1090,486,849,-1053,-822
8311,3421,-9390,9974,1152,-1012,494,641,-1056,-851
8268,3623,-9405,9924,1080,-1010,500,418,-1015,-817
8235,3779,-9427,9872,1107,-975,446,249,-835,-688
8225,3864,-9475,9801,957,-851,450,-148,-640,-542
8246,3896,-9536,9711,792,-682,452,-468,-454,-471
8282,3877,-9598,9628,629,-684,399,-600,-227,-376
8356,3807,-9640,9549,254,-571,214,-685,175,-391
8469,3690,-9664,9470,-86,-471,85,-792,530,-417
8633,3486,-9690,9372,-336,-480,-36,-1142,973,-413
8815,3200,-9701,9294,-346,-772,121,-1298,1293,-298
8995,2923,-9641,9276,-91,-1188,396,-857,1435,-337
9154,2731,-9465,9358,52,-1312,407,164,1574,-378
9274,2531,-9274,9487,39,-1670,743,367,1424,-249
9348,2390,-9111,9608,451,-1712,558,556,1154,-187
9420,2392,-8898,9736,938,-1599,573,1214,943,-467
9514,2553,-8666,9813,1468,-1462,646,1597,595,-1022
9651,2903,-8452,9769,2927,-1656,490,1674,-5,-1848
9808,3451,-8179,9665,5233,-1385,232,2261,-580,-2720
9915,4061,-7824,9613,6174,-270,-328,2944,-586,-2657
9990,4353,-7466,9691,5337,2134,13,2271,561,-1256
10090,4241,-7210,9830,5085,2902,498,671,1708,48
10170,3732,-7256,9920,4125,2330,732,-1807,1875,1358
10129,3039,-7548,9981,3636,1899,947,-3195,1313,2447
9972,2339,-7965,10003,3238,892,870,-3739,689,3123
9705,1630,-8419,10035,3082,138,823,-3741,295,3538
9367,938,-8866,10060,2770,-366,730,-3617,15,3673
8990,309,-9257,10090,2181,-824,530,-3158,-155,3552
8589,-185,-9551,10169,1816,-1137,396,-2233,-414,3303
8199,-508,-9707,10330,1549,-1680,234,-948,-570,2909
7848,-655,-9638,10655,1660,-1981,338,894,-464,2695
7542,-688,-9366,11106,1802,-1580,184,2368,-188,2589
7276,-707,-9005,11571,1722,-923,238,2767,115,2498
7021,-751,-8683,11965,1397,-550,417,2297,151,2323
6775,-804,-8464,12258,1049,-501,607,1540,-30,2016
6544,-891,-8386,12429,1016,-552,676,516,-139,1721
6365,-995,-8469,12458,1136,-761,699,-690,-98,1487
6208,-1155,-8640,12406,1142,-1172,739,-1348,27,1299
6074,-1324,-8781,12356,1023,-1589,788,-1173,161,1154
5982,-1463,-8837,12345,924,-1827,751,-556,297,937
5939,-1575,-8822,12363,865,-1722,698,-93,461,750
5925,-1681,-8790,12378,827,-1499,700,-52,553,636
5914,-1797,-8780,12374,688,-1468,670,-215,552,552
5903,-1917,-8791,12354,652,-1686,685,-323,528,486
5892,-2030,-8803,12333,638,-1848,733,-312,489,442
5890,-2120,-8805,12317,636,-1858,740,-208,438,365
5905,-2193,-8796,12304,627,-1781,765,-142,434,268
5922,-2258,-8797,12283,581,-1732,723,-175,389,198
5958,-2297,-8786,12266,576,-1763,761,-64,354,46
5999,-2320,-8764,12258,562,-1839,788,54,311,1
6041,-2338,-8746,12246,581,-1821,803,27,291,-25
6084,-2368,-8748,12218,605,-1777,758,-116,327,-30
6139,-2404,-8759,12176,537,-1704,727,-204,366,-122
6196,-2438,-8758,12141,414,-1707,678,-103,360,-174
6253,-2463,-8765,12101,381,-1744,605,-88,315,-240
6308,-2483,-8797,12045,422,-1776,593,-225,251,-291
6366,-2512,-8841,11976,412,-1867,658,-350,265,-335
6418,-2534,-8850,11937,275,-1919,620,-81,246,-307
6453,-2549,-8863,11906,228,-1859,619,-85,144,-267
6466,-2548,-8882,11884,266,-1766,612,-84,-3,-184
6479,-2554,-8926,11843,382,-1758,686,-300,2,-171
6505,-2569,-8976,11788,414,-1873,718,-383,73,-234
6536,-2588,-9013,11738,366,-1917,672,-293,123,-247
6561,-2591,-9034,11707,355,-1859,696,-166,53,-221
6584,-2582,-9050,11683,438,-1835,735,-127,15,-191
6613,-2569,-9057,11665,494,-1839,818,-98,29,-180
6643,-2557,-9058,11649,503,-1821,823,-69,47,-169
6669,-2549,-9066,11630,504,-1771,838,-141,39,-149
6692,-2545,-9091,11598,553,-1817,835,-257,18,-155
6724,-2535,-9110,11567,606,-1878,791,-169,53,-186
6761,-2521,-9109,11549,614,-1855,776,-40,83,-168
6795,-2517,-9115,11526,615,-1804,766,-111,107,-141
6828,-2519,-9133,11492,649,-1830,777,-206,110,-145
6865,-2515,-9153,11454,657,-1828,732,-193,100,-192
6910,-2499,-9172,11415,692,-1864,720,-146,91,-253
6945,-2479,-9182,11391,693,-1818,720,-73,47,-182
6969,-2458,-9195,11369,683,-1789,691,-73,-2,-149
6994,-2434,-9217,11342,689,-1793,672,-114,-22,-181
7020,-2413,-9245,11307,703,-1795,643,-150,-15,-202
7040,-2396,-9286,11265,692,-1786,607,-226,-38,-203
7059,-2376,-9332,11219,704,-1839,574,-232,-65,-224
7078,-2356,-9377,11174,730,-1853,563,-223,-59,-226
7099,-2338,-9422,11127,720,-1826,545,-235,-47,-236
7119,-2322,-9477,11070,719,-1763,519,-315,-57,-257
7134,-2305,-9541,11008,713,-1756,541,-387,-107,-263
7147,-2281,-9607,10948,746,-1808,539,-372,-147,-282
7165,-2250,-9662,10894,815,-1879,565,-302,-133,-280
7189,-2218,-9698,10853,826,-1878,594,-197,-90,-263
7217,-2186,-9711,10828,829,-1863,619,-68,-36,-225
7246,-2162,-9721,10805,816,-1780,623,-89,-4,-189
7268,-2148,-9739,10777,811,-1761,629,-165,-9,-155
7283,-2139,-9768,10742,829,-1809,613,-243,-36,-144
7297,-2127,-9802,10704,874,-1846,579,-246,-49,-149
7315,-2109,-9829,10671,904,-1866,575,-179,-44,-157
7336,-2085,-9849,10643,914,-1819,548,-118,-32,-164
7360,-2055,-9864,10618,899,-1760,534,-74,-40,-189
7384,-2022,-9883,10590,912,-1794,515,-80,-55,-213
7406,-1986,-9904,10562,959,-1842,489,-58,-70,-215
7428,-1945,-9920,10539,972,-1826,496,-22,-82,-208
7449,-1902,-9934,10519,975,-1801,496,-1,-87,-204
7470,-1857,-9949,10497,987,-1756,481,-6,-95,-213
7493,-1812,-9971,10468,1012,-1769,482,-51,-98,-237
7520,-1768,-9992,10436,1043,-1837,490,-60,-82,-268
7555,-1718,-10010,10402,1066,-1829,467,-24,-61,-311
7595,-1663,-10025,10367,1076,-1797,476,-2,-53,-351
7635,-1604,-10044,10329,1092,-1813,494,-34,-87,-383
7677,-1534,-10067,10285,1135,-1861,527,-43,-129,-445
7725,-1451,-10087,10243,1173,-1866,551,1,-155,-508
7775,-1355,-10103,10202,1173,-1815,557,44,-186,-554
7823,-1253,-10127,10153,1183,-1830,557,9,-239,-618
7873,-1138,-10152,10103,1180,-1834,573,31,-284,-689
7919,-1009,-10172,10062,1160,-1886,584,117,-354,-745
7961,-859,-10187,10027,1194,-1969,618,210,-436,-820
8005,-682,-10188,10005,1234,-1991,652,370,-497,-889
8041,-484,-10176,9999,1202,-1944,698,508,-589,-925
8065,-266,-10167,9998,1155,-1871,753,544,-734,-956
8072,-33,-10165,9997,1140,-1856,794,552,-888,-982
8061,214,-10167,10002,1153,-1870,811,595,-1020,-985
8035,471,-10160,10020,1113,-1848,812,700,-1090,-961
8001,734,-10136,10057,1048,-1806,810,851,-1108,-944
7958,999,-10089,10115,970,-1779,805,1013,-1089,-916
7903,1250,-10030,10189,803,-1807,809,1096,-1063,-871
7839,1478,-9948,10287,699,-1837,832,1201,-967,-773
7788,1680,-9821,10417,767,-1789,864,1398,-697,-637
7747,1816,-9659,10575,740,-1685,826,1455,-295,-369
7704,1844,-9518,10727,629,-1683,812,1095,22,-39
7710,1808,-9365,10863,591,-1244,780,844,456,104
7771,1735,-9157,11008,406,-854,686,922,928,86
7869,1591,-8967,11116,178,-745,463,600,1287,54
7963,1325,-8863,11167,-166,-948,111,-56,1536,150
8098,1039,-8764,11178,-326,-1039,31,-372,1748,219
8224,817,-8605,11228,-246,-1051,-152,169,1678,157
8289,694,-8414,11333,-190,-1026,-221,1009,1252,-38
8320,705,-8199,11467,-339,-867,-121,1513,644,-214
8380,930,-7947,11583,-357,-539,246,1955,-11,-667
8430,1299,-7758,11639,-243,-478,263,1951,-807,-1158
8507,1792,-7608,11617,-244,-429,383,1931,-1384,-1800
8621,2399,-7505,11490,-12,-518,408,1780,-1929,-2514
8750,3115,-7441,11260,933,-827,468,1700,-2468,-3107
8843,4011,-7376,10941,2861,-1274,195,2101,-3200,-3662
8909,5111,-7072,10626,5542,-1919,-137,3582,-3471,-4399
8855,6260,-6445,10454,6439,-1558,-1556,5469,-2699,-4208
8615,7181,-5438,10633,5163,1267,-2318,7312,-391,-2794
8260,7682,-4303,11075,4726,3064,-1122,7313,1952,-1132
8062,7691,-3703,11425,4108,4300,-450,3330,2288,152
8267,7066,-4114,11541,2954,4232,-981,-3719,1873,1390
8553,6033,-5210,11477,2966,1936,-506,-8192,1516,3027
8673,4937,-6408,11303,3349,-337,76,-8486,885,3500
8661,3973,-7361,11110,2920,-1613,528,-6885,684,3150
8525,3195,-7959,11054,2365,-1881,736,-4468,829,3069
8291,2664,-8162,11224,2321,-1571,772,-1559,1035,3052
8027,2264,-8137,11517,2333,-1102,599,41,1226,3011
7758,1889,-8066,11816,2068,-705,456,297,1254,2972
7496,1488,-8066,12040,1750,-533,397,-277,1126,2865
7244,1059,-8168,12170,1597,-594,540,-1040,943,2710
6993,630,-8342,12229,1433,-823,608,-1542,730,2533
6754,245,-8533,12245,1275,-1133,528,-1606,522,2237
6564,-102,-8707,12228,1229,-1259,439,-1537,542,1843
6446,-414,-8882,12158,1161,-1342,353,-1501,752,1488
6378,-735,-9027,12072,1075,-1421,436,-1482,968,1261
6327,-1044,-9142,11989,937,-1422,419,-1328,1004,1131
6289,-1326,-9215,11925,819,-1482,491,-1067,974,1013
6248,-1596,-9282,11861,664,-1418,460,-1039,905,947
6213,-1857,-9352,11786,697,-1513,604,-1132,876,892
6185,-2119,-9416,11706,617,-1716,614,-1106,902,817
6174,-2369,-9454,11633,576,-1778,590,-940,953,733
6175,-2601,-9479,11562,562,-1742,535,-827,954,663
6181,-2817,-9500,11491,554,-1792,545,-782,915,600
6187,-3002,-9503,11438,516,-1838,576,-603,806,546
6191,-3163,-9495,11399,459,-1901,608,-487,704,498
6204,-3300,-9480,11366,466,-1875,573,-366,661,423
6224,-3422,-9470,11327,502,-1879,570,-371,621,352
6242,-3528,-9461,11292,459,-1855,503,-302,547,308
6268,-3594,-9443,11271,419,-1985,495,-111,420,157
6306,-3629,-9410,11267,456,-2075,538,76,354,82
6344,-3655,-9363,11277,451,-2008,538,192,333,109
6381,-3673,-9311,11293,398,-1966,569,238,291,81
6427,-3666,-9241,11327,378,-1873,493,461,248,20
6463,-3637,-9179,11365,276,-1927,602,440,88,-65
6490,-3580,-9137,11402,275,-2084,598,448,-93,-168
6517,-3511,-9101,11437,362,-2057,621,444,-142,-169
6562,-3393,-8995,11530,411,-1828,686,976,-182,-145
6605,-3270,-8905,11611,460,-1753,784,848,-230,-176
6628,-3184,-8879,11641,470,-1730,802,322,-231,-174
6659,-3111,-8894,11632,520,-1886,732,90,-193,-294
6684,-3051,-8928,11608,565,-1935,600,7,-169,-278
6709,-2978,-8963,11585,522,-1896,486,85,-223,-343
6750,-2889,-9002,11553,648,-1871,624,17,-235,-430
6795,-2808,-9039,11519,645,-1892,676,-12,-197,-439
6838,-2746,-9089,11468,624,-1867,676,-171,-151,-451
6876,-2703,-9155,11403,588,-1798,702,-362,-133,-433
6910,-2675,-9239,11321,544,-1784,589,-479,-113,-459
6949,-2643,-9324,11235,567,-1759,582,-494,-112,-500
6981,-2607,-9409,11153,542,-1790,517,-451,-157,-507
7023,-2544,-9475,11084,575,-1778,514,-266,-191,-576
7080,-2453,-9525,11025,662,-1786,547,-114,-220,-659
7156,-2341,-9571,10961,834,-1808,565,-58,-204,-744
7248,-2224,-9603,10897,853,-1762,596,3,-147,-815
7336,-2111,-9642,10825,831,-1691,525,-36,-152,-832
7421,-1996,-9682,10753,827,-1758,571,-55,-188,-861
7494,-1896,-9729,10679,920,-1956,610,-122,-191,-793
7563,-1798,-9765,10613,969,-1952,623,-66,-177,-746
7635,-1692,-9778,10567,973,-1796,616,82,-155,-696
7702,-1598,-9807,10506,969,-1681,547,-40,-148,-677
7760,-1526,-9856,10428,971,-1699,536,-224,-139,-647
7809,-1466,-9908,10350,945,-1770,484,-245,-143,-620
7862,-1394,-9946,10284,991,-1812,497,-124,-139,-642
7914,-1320,-9979,10221,1020,-1800,490,-90,-136,-626
7964,-1238,-10008,10164,1034,-1738,471,-35,-163,-629
8014,-1156,-10041,10102,1079,-1683,484,-83,-169,-624
8062,-1085,-10082,10030,1103,-1662,462,-170,-157,-604
8111,-1015,-10128,9952,1101,-1678,448,-208,-161,-645
8166,-935,-10167,9875,1144,-1703,471,-156,-165,-698
8219,-842,-10198,9806,1204,-1731,478,-71,-198,-714
8272,-748,-10222,9745,1210,-1678,496,-27,-196,-690
8328,-651,-10241,9683,1242,-1651,530,-22,-190,-708
8387,-553,-10256,9623,1267,-1634,567,-17,-183,-716
8446,-449,-10268,9564,1278,-1643,582,10,-205,-750
8500,-332,-10281,9507,1334,-1619,577,53,-267,-763
8552,-203,-10294,9449,1357,-1605,562,92,-313,-807
8604,-65,-10301,9396,1376,-1589,593,140,-330,-833
8653,80,-10305,9347,1380,-1571,584,192,-364,-847
8695,232,-10310,9299,1394,-1553,549,227,-398,-863
8734,387,-10316,9250,1398,-1548,544,237,-431,-878
8768,548,-10319,9207,1441,-1536,557,285,-461,-873
8793,715,-10320,9171,1462,-1471,531,334,-494,-834
8812,883,-10322,9135,1465,-1389,527,331,-530,-805
8825,1045,-10326,9101,1486,-1421,534,318,-535,-782
8833,1202,-10323,9077,1490,-1456,531,373,-527,-753
8837,1357,-10306,9071,1537,-1513,557,473,-488,-715
8839,1514,-10267,9088,1559,-1497,589,618,-438,-659
8837,1676,-10210,9126,1549,-1403,640,753,-421,-585
8832,1843,-10144,9172,1583,-1358,677,815,-424,-561
8826,2007,-10074,9219,1585,-1315,707,816,-421,-547
8821,2174,-9999,9268,1552,-1262,732,840,-420,-554
8816,2336,-9922,9316,1524,-1260,773,826,-417,-569
8805,2481,-9842,9374,1442,-1283,819,826,-396,-511
8790,2625,-9755,9440,1399,-1230,730,905,-338,-473
8773,2775,-9661,9509,1307,-1106,646,963,-313,-465
8750,2939,-9580,9563,1251,-1020,499,960,-370,-514
8715,3109,-9510,9611,1258,-1039,433,963,-437,-517
8665,3263,-9450,9664,1318,-1073,312,948,-391,-398
8599,3399,-9383,9741,1246,-1011,125,1061,-259,-218
8538,3510,-9303,9831,1017,-782,68,1045,-108,-90
8484,3571,-9251,9905,925,-712,18,751,-11,41
8439,3590,-9219,9967,883,-697,-78,536,125,134
8409,3575,-9195,10019,806,-684,-247,401,326,160
8413,3517,-9162,10066,714,-567,-345,261,626,187
8454,3383,-9134,10103,585,-488,-377,-49,978,278
8523,3160,-9102,10147,443,-502,-142,-358,1261,440
8599,2892,-9029,10227,543,-793,443,-346,1369,530
8633,2677,-8908,10362,528,-1025,352,270,1302,530
8683,2551,-8729,10503,564,-895,435,708,1190,245
8748,2460,-8503,10656,419,-575,562,912,1188,176
8821,2370,-8290,10783,254,-582,836,716,1011,33
8912,2324,-8131,10839,288,-687,972,437,643,-357
9033,2345,-8068,10781,637,-1008,1014,27,162,-969
9206,2538,-8037,10613,1188,-1076,995,113,-298,-1743
9429,2862,-8036,10332,1834,-1001,1057,65,-801,-2589
9650,3264,-8094,9957,2923,-1638,1118,-118,-1325,-3075
9822,3805,-8146,9545,5810,-1872,848,277,-1994,-3383
9982,4500,-7948,9238,6025,-1149,107,1917,-1559,-3748
10002,5157,-7608,9160,4921,600,-540,3071,-980,-2634
10004,5393,-7251,9310,4133,1723,-53,2311,754,-740
10048,5450,-7023,9404,3427,1986,385,612,1455,798
9982,5119,-7106,9596,2784,1549,675,-920,1057,2053
9820,4685,-7328,9815,2779,666,828,-1457,720,2868
9623,4212,-7566,10041,2820,-46,908,-1536,720,3081
9433,3782,-7723,10270,2720,-340,1005,-1114,850,2826
9260,3447,-7752,10522,2475,-421,924,-314,1005,2418
9084,3130,-7696,10811,2399,-977,1027,176,1239,2352
8905,2908,-7478,11169,2382,-1363,850,1296,1494,2123
8680,2644,-7309,11519,2564,555,599,878,1424,2644
8465,2236,-7290,11774,1989,-846,1155,-316,1405,2658
8112,1696,-7547,11949,1851,88,236,-1919,805,3622
7800,1169,-7821,12043,1349,-995,574,-2139,694,3089
7525,708,-8068,12091,1922,-1365,608,-1972,617,2673
7247,264,-8202,12189,1785,-1382,422,-1309,846,2741
7011,-148,-8280,12276,1667,-1467,549,-1043,944,2450
6811,-485,-8231,12412,1550,-1291,635,-208,1036,2216
6634,-790,-8131,12557,1430,-953,633,86,1070,2076
6446,-1089,-8059,12679,1216,-943,673,-91,946,2030
6251,-1372,-8031,12766,1027,-1005,730,-347,764,1909
6054,-1643,-8037,12825,944,-1232,751,-540,642,1796
5868,-1889,-8047,12871,890,-1389,709,-519,565,1651
5722,-2091,-8062,12896,823,-1467,711,-448,602,1510
5600,-2296,-8045,12926,716,-1488,745,-296,720,1418
5499,-2498,-7995,12963,524,-1467,795,-139,783,1294
5409,-2689,-7943,12994,349,-1480,690,-69,741,1142
5354,-2854,-7904,13005,308,-1530,649,-70,711,862
5329,-3005,-7869,13003,246,-1547,773,-124,720,649
5315,-3152,-7827,13000,81,-1575,763,-67,715,529
5322,-3291,-7803,12976,-5,-1550,699,-147,711,327
5357,-3439,-7810,12919,-48,-1420,529,-314,792,121
5426,-3581,-7858,12823,-25,-1568,607,-568,838,-150
5512,-3717,-7938,12697,-92,-1823,634,-717,817,-368
5625,-3805,-7991,12588,-199,-1847,557,-410,688,-601
5784,-3826,-8008,12498,-131,-1748,641,-74,582,-877
5966,-3812,-8043,12394,-58,-1624,737,-177,489,-1098
6134,-3793,-8115,12270,-58,-1700,826,-427,367,-1162
6284,-3757,-8221,12134,-80,-1766,804,-583,183,-1234
6443,-3673,-8329,12003,0,-1843,763,-427,7,-1390
6609,-3540,-8439,11874,195,-1965,810,-324,-162,-1489
6773,-3395,-8564,11734,279,-1918,848,-422,-233,-1556
6938,-3248,-8678,11594,311,-1852,864,-410,-225,-1561
7079,-3105,-8804,11453,275,-1960,832,-460,-329,-1536
7224,-2925,-8905,11331,314,-1936,774,-192,-425,-1598
7377,-2738,-9010,11195,502,-2115,828,-211,-388,-1619
7528,-2579,-9097,11062,647,-2081,854,-243,-258,-1503
7673,-2417,-9146,10957,575,-1878,878,-48,-248,-1423
7794,-2248,-9220,10845,662,-1710,869,-198,-404,-1348
7886,-2128,-9339,10700,821,-1917,892,-602,-404,-1205
7942,-2078,-9489,10535,976,-2148,875,-968,-322,-925
7991,-2057,-9585,10415,910,-2027,833,-723,-135,-662
8041,-2034,-9661,10310,840,-1851,723,-581,-100,-621
8078,-1999,-9754,10200,876,-1809,659,-624,-208,-631
8116,-1941,-9842,10097,1070,-1917,655,-509,-264,-638
8169,-1857,-9897,10015,1236,-1972,728,-278,-229,-652
8237,-1751,-9914,9961,1292,-1894,751,6,-168,-652
8314,-1646,-9921,9908,1270,-1799,731,45,-112,-681
8386,-1537,-9932,9854,1196,-1760,696,52,-157,-715
8452,-1404,-9944,9805,1236,-1723,681,138,-260,-766
8524,-1248,-9950,9758,1286,-1734,644,259,-285,-857
8600,-1087,-9948,9712,1308,-1770,631,325,-266,-911
8677,-920,-9939,9670,1289,-1750,651,376,-276,-948
8745,-741,-9933,9630,1303,-1714,674,397,-362,-961
8803,-543,-9936,9587,1345,-1632,704,396,-498,-992
8865,-334,-9930,9546,1429,-1646,721,471,-493,-1035
8929,-136,-9908,9514,1387,-1681,737,526,-413,-1036
8993,61,-9861,9503,1307,-1719,733,699,-351,-1040
9051,263,-9806,9502,1240,-1643,687,793,-351,-1025
9096,464,-9750,9508,1227,-1557,680,821,-394,-952
9127,659,-9695,9523,1241,-1507,681,832,-417,-860
9150,832,-9636,9548,1215,-1510,694,821,-371,-759
9167,978,-9566,9588,1119,-1502,701,833,-277,-650
9168,1107,-9487,9652,967,-1561,706,908,-259,-555
9146,1223,-9404,9740,1003,-1636,754,978,-276,-385
9097,1341,-9303,9865,1078,-1642,806,1174,-297,-175
9031,1454,-9167,10036,1114,-1646,828,1435,-202,33
8960,1564,-9000,10232,1067,-1466,844,1598,-94,176
8892,1663,-8840,10414,1034,-1235,821,1469,-61,247
8815,1732,-8712,10574,1004,-1162,834,1192,-97,340
8725,1790,-8610,10722,980,-1156,798,1054,-163,399
8629,1852,-8518,10862,961,-1199,706,1057,-187,374
8536,1919,-8433,10989,1017,-1183,586,1044,-165,339
8457,1995,-8336,11110,1035,-1129,499,1110,-82,256
8403,2090,-8228,11214,1003,-965,378,1147,-18,104
8373,2191,-8147,11276,997,-796,288,914,-47,-50
8346,2275,-8116,11301,1002,-777,299,557,-150,-80
8315,2350,-8108,11314,1021,-834,306,430,-198,-73
8282,2419,-8097,11332,916,-808,260,444,-178,-67
8260,2489,-8081,11344,795,-706,198,434,-153,-127
8252,2576,-8039,11360,755,-587,290,526,-148,-215
8256,2670,-8015,11353,740,-611,321,403,-232,-343
8263,2799,-7980,11341,670,-584,352,509,-360,-494
8301,2948,-7940,11304,583,-484,443,444,-430,-737
8353,3114,-7923,11233,551,-469,592,254,-628,-920
8402,3334,-7956,11109,876,-730,619,137,-985,-1196
8472,3661,-7962,10947,1306,-841,431,420,-1225,-1632
8560,4071,-7924,10760,1594,-610,342,731,-1371,-2021
8663,4515,-7871,10537,2056,-459,466,748,-1457,-2271
8785,4944,-7842,10262,2863,-760,395,472,-1464,-2433
8948,5342,-7788,9958,3827,-808,254,323,-1169,-2627
9092,5645,-7609,9798,4129,-260,182,859,-228,-2047
9206,5868,-7397,9722,4019,389,238,907,689,-1091
9371,5911,-7240,9656,4046,1291,183,-88,1334,-258
9562,5553,-7303,9634,3677,1786,439,-1892,1539,596
9754,4911,-7622,9543,3083,1346,613,-3826,1477,1520
9877,4096,-8086,9418,2878,334,891,-4815,1272,2228
9882,3260,-8542,9336,2791,-618,1008,-4548,1081,2716
9789,2525,-8859,9367,2705,-1021,1126,-3317,1051,2947
9637,1920,-9032,9502,2494,-994,1094,-2062,1018,2985
9455,1423,-9108,9698,2286,-890,916,-1185,950,2900
9268,996,-9143,9897,2113,-856,784,-809,849,2702
9074,593,-9169,10082,2003,-900,711,-735,773,2599
8872,213,-9192,10256,1916,-1023,708,-687,675,2524
8654,-118,-9195,10439,1782,-1243,725,-434,516,2433
8438,-370,-9156,10642,1594,-1276,648,23,353,2232
8240,-557,-9092,10843,1475,-1092,560,293,260,1965
8057,-739,-9056,10998,1414,-953,545,55,219,1775
7883,-937,-9054,11110,1306,-1079,538,-237,216,1653
7741,-1094,-9071,11182,1138,-1195,448,-264,217,1439
7623,-1239,-9092,11230,1065,-1260,389,-282,245,1217
7521,-1386,-9123,11257,1026,-1370,345,-347,287,1083
7435,-1536,-9141,11280,996,-1476,362,-303,373,1006
7372,-1672,-9128,11312,904,-1514,390,-113,447,881
7336,-1789,-9097,11342,855,-1446,388,-7,496,728
7318,-1901,-9078,11351,836,-1368,420,-124,510,601
7302,-2022,-9091,11330,838,-1399,413,-354,487,529
7296,-2159,-9122,11283,827,-1534,457,-543,546,443
7298,-2312,-9158,11223,741,-1654,507,-652,606,381
7308,-2459,-9188,11161,688,-1726,514,-611,606,303
7335,-2577,-9215,11094,692,-1743,512,-534,565,140
7377,-2677,-9237,11024,694,-1783,574,-497,542,22
7431,-2758,-9254,10953,662,-1789,578,-438,517,-92
7502,-2814,-9269,10877,685,-1863,614,-368,482,-250
7592,-2828,-9279,10803,701,-1929,631,-220,393,-456
7699,-2790,-9283,10732,743,-1856,701,-78,261,-652
7813,-2723,-9284,10667,736,-1785,739,5,163,-757
7920,-2641,-9307,10588,740,-1736,737,-90,40,-844
8024,-2551,-9349,10495,726,-1800,726,-162,-49,-955
8126,-2430,-9407,10392,725,-1803,725,-174,-210,-1112
8231,-2269,-9465,10293,779,-1750,748,-64,-351,-1234
8340,-2101,-9524,10186,736,-1791,714,-46,-375,-1357
8454,-1933,-9592,10061,722,-1797,728,-137,-388,-1466
8563,-1748,-9658,9939,699,-1708,740,-93,-477,-1521
8674,-1528,-9722,9815,873,-1646,727,10,-568,-1580
8793,-1291,-9788,9677,1037,-1725,668,75,-531,-1648
8906,-1089,-9844,9541,1177,-1952,659,29,-438,-1599
9003,-886,-9879,9434,1210,-1921,689,176,-451,-1471
9093,-671,-9891,9352,1280,-1842,719,348,-456,-1388
9175,-492,-9898,9275,1310,-1815,700,283,-356,-1234
9244,-372,-9908,9202,1244,-1849,711,110,-242,-1038
9296,-292,-9914,9146,1122,-1789,718,33,-186,-838
9333,-247,-9930,9091,1065,-1762,744,-116,-181,-695
9355,-261,-9937,9061,1045,-2008,886,-212,-84,-467
9372,-319,-9921,9059,988,-1989,786,-153,144,-221
9405,-322,-9842,9111,975,-1700,771,383,235,-172
9434,-311,-9753,9177,943,-1446,712,495,231,-76
9463,-310,-9709,9193,1034,-1391,661,174,162,-155
9495,-307,-9684,9187,1167,-1415,724,34,104,-206
9516,-299,-9668,9182,1151,-1333,703,16,31,-164
9525,-273,-9665,9177,1130,-1254,591,67,-72,-168
9527,-237,-9685,9155,1181,-1344,546,1,-172,-255
9529,-184,-9711,9126,1272,-1420,551,24,-242,-335
9534,-106,-9723,9109,1322,-1387,582,168,-269,-363
9535,-15,-9733,9098,1298,-1251,533,242,-305,-347
9532,73,-9764,9067,1332,-1201,497,95,-364,-368
9527,151,-9817,9015,1410,-1279,462,-48,-394,-402
9522,240,-9865,8966,1522,-1371,496,7,-416,-444
9519,338,-9897,8930,1611,-1349,527,115,-388,-411
9520,437,-9915,8905,1618,-1211,522,181,-335,-350
9527,525,-9934,8872,1603,-1142,497,110,-281,-346
9542,604,-9959,8823,1598,-1134,488,4,-254,-392
9564,684,-9985,8763,1643,-1141,462,-16,-228,-458
9594,764,-10016,8689,1712,-1149,444,-82,-207,-523
9632,841,-10049,8600,1725,-1118,428,-150,-182,-582
9677,916,-10086,8497,1757,-1107,440,-220,-181,-644
9727,999,-10125,8384,1755,-1020,429,-249,-202,-700
9776,1085,-10172,8260,1757,-960,427,-308,-251,-731
9821,1170,-10216,8140,1774,-968,423,-286,-259,-722
9865,1257,-10247,8033,1814,-1052,442,-196,-232,-729
9909,1351,-10259,7948,1822,-1052,437,-40,-180,-707
9958,1452,-10254,7874,1783,-915,452,53,-133,-684
10008,1543,-10253,7794,1750,-804,437,-20,-119,-640
10056,1616,-10264,7703,1764,-769,431,-154,-130,-598
10094,1669,-10287,7611,1807,-816,433,-250,-152,-528
10127,1716,-10305,7532,1802,-830,407,-192,-127,-465
10154,1770,-10311,7476,1814,-839,398,-55,-103,-416
10178,1830,-10309,7430,1808,-731,347,26,-77,-358
10204,1887,-10304,7388,1890,-720,337,41,-36,-330
10229,1918,-10305,7343,1907,-776,307,-65,14,-267
10250,1925,-10304,7313,1896,-824,329,-86,68,-157
10270,1917,-10296,7298,1876,-818,348,-66,127,-57
10290,1893,-10285,7293,1883,-873,342,-80,189,10
10311,1854,-10267,7297,1857,-847,394,-94,234,98
10329,1811,-10246,7313,1862,-829,403,-62,255,174
10339,1757,-10230,7334,1851,-873,390,-80,250,230
10344,1685,-10222,7356,1877,-939,417,-156,245,302
10347,1610,-10208,7387,1881,-973,472,-126,246,344
10343,1525,-10193,7430,1856,-1051,526,-120,240,399
10333,1453,-10171,7490,1812,-1030,566,-8,200,444
10318,1393,-10142,7561,1756,-1016,584,88,173,450
10294,1336,-10116,7637,1705,-1060,610,115,115,463
10263,1275,-10094,7719,1714,-1188,652,117,80,474
10217,1195,-10078,7813,1710,-1270,621,99,81,597
10175,1142,-10034,7932,1685,-1173,630,339,134,627
10141,1100,-9975,8053,1644,-988,600,407,204,652
10112,1034,-9926,8159,1626,-1007,587,250,258,677
10081,945,-9878,8265,1617,-1106,616,173,315,727
10050,860,-9812,8391,1604,-1110,594,318,387,788
10018,779,-9734,8527,1561,-1048,552,410,444,843
9980,699,-9667,8653,1507,-894,488,343,416,886
9942,632,-9605,8770,1497,-899,454,357,375,821
9908,563,-9560,8864,1565,-992,462,238,352,742
9880,478,-9524,8938,1583,-1082,529,82,369,690
9859,385,-9470,9021,1572,-1153,658,116,434,708
9835,284,-9405,9119,1516,-1206,743,149,460,764
9801,174,-9351,9214,1459,-1153,829,47,386,836
9757,61,-9307,9305,1391,-1095,826,-25,327,883
9697,-53,-9273,9402,1343,-1208,838,-24,246,915
9617,-157,-9241,9513,1296,-1371,848,68,139,941
9516,-260,-9211,9642,1233,-1433,897,115,45,1038
9403,-349,-9159,9798,1132,-1383,891,309,16,1129
9285,-421,-9109,9953,1055,-1231,805,355,-31,1127
9147,-507,-9107,10078,1005,-1176,756,48,-177,1150
8995,-580,-9117,10201,861,-1186,688,61,-314,1109
8826,-673,-9172,10293,1053,-1682,675,-162,-380,1077
8653,-767,-9213,10396,1076,-1721,733,-106,-359,1147
8493,-864,-9204,10527,1065,-1619,738,121,-162,1260
8336,-958,-9163,10680,719,-1313,645,297,-113,1274
8174,-1052,-9137,10817,706,-1440,669,203,-166,1216
8012,-1158,-9135,10929,874,-1801,720,45,-151,1187
7872,-1247,-9079,11067,883,-1839,774,366,-8,1166
7754,-1324,-8981,11220,746,-1607,779,575,109,1113
7641,-1409,-8887,11361,691,-1550,795,491,144,1101
7534,-1499,-8825,11469,805,-1790,800,306,152,1005
7444,-1586,-8739,11581,801,-1896,813,459,256,959
7370,-1662,-8621,11706,675,-1714,849,616,321,901
7298,-1732,-8510,11822,639,-1652,867,562,286,862
7225,-1797,-8431,11913,659,-1743,792,437,227,785
7172,-1855,-8359,11986,616,-1760,759,414,251,620
7142,-1905,-8279,12052,614,-1815,809,457,312,495
7128,-1930,-8193,12115,634,-1830,832,554,275,369
7121,-1929,-8114,12172,659,-1867,802,604,191,259
7130,-1908,-8053,12210,673,-1841,802,544,130,87
7141,-1892,-8032,12220,809,-1832,896,248,100,61
7126,-1898,-8031,12229,858,-1898,873,118,96,232
7113,-1919,-8012,12246,735,-1829,825,186,173,254
7114,-1928,-7981,12264,658,-1759,854,248,165,143
7112,-1928,-7963,12276,699,-1823,863,212,106,120
7106,-1922,-7956,12286,784,-1798,956,127,57,156
7099,-1913,-7938,12303,778,-1716,944,179,63,180
7101,-1897,-7912,12321,692,-1585,917,221,56,109
7108,-1883,-7911,12320,707,-1638,930,75,33,30
7116,-1873,-7923,12308,750,-1770,948,10,38,3
7130,-1849,-7917,12309,738,-1769,1000,134,19,-27
7147,-1814,-7896,12317,685,-1639,935,242,7,-54
7157,-1788,-7896,12315,647,-1658,959,98,-32,-61
7160,-1766,-7901,12314,609,-1711,998,64,-70,-45
7159,-1742,-7888,12325,595,-1710,1050,155,-63,-5
7156,-1728,-7881,12334,574,-1727,1026,114,-40,10
7159,-1717,-7870,12340,564,-1662,1035,99,-2,-7
7162,-1697,-7829,12368,529,-1701,1077,302,5,19
7162,-1670,-7801,12388,611,-1728,1111,243,-43,14
7159,-1641,-7779,12408,625,-1739,1119,223,-70,24
7150,-1614,-7752,12434,609,-1714,1150,239,-76,62
7141,-1579,-7735,12455,622,-1717,1164,201,-126,34
7125,-1542,-7729,12472,691,-1682,1181,129,-164,69
7101,-1508,-7716,12498,672,-1697,1197,171,-170,128
7067,-1479,-7703,12528,626,-1675,1222,152,-190,175
7025,-1453,-7698,12558,596,-1657,1212,101,-225,203
6987,-1420,-7679,12594,567,-1574,1215,176,-222,190
6952,-1382,-7644,12639,556,-1582,1254,273,-210,185
6919,-1341,-7605,12686,554,-1558,1271,298,-207,180
6880,-1302,-7579,12726,564,-1558,1247,233,-236,189
6837,-1268,-7567,12760,544,-1567,1194,169,-256,190
6798,-1231,-7564,12786,531,-1543,1110,147,-263,140
6774,-1189,-7558,12806,572,-1556,1080,182,-220,59
6755,-1149,-7555,12821,625,-1590,1092,164,-195,48
6736,-1114,-7552,12836,662,-1628,1104,157,-162,70
6712,-1089,-7556,12849,659,-1612,1047,118,-138,104
6693,-1072,-7548,12865,618,-1546,1072,132,-79,114
6677,-1065,-7556,12869,615,-1542,1062,11,-62,88
6659,-1072,-7592,12857,631,-1639,1061,-166,-58,82
6632,-1082,-7612,12858,580,-1694,1071,-54,-55,134
6605,-1091,-7618,12868,548,-1682,1054,31,-37,146
6590,-1099,-7625,12871,553,-1626,1068,-10,-7,92
6576,-1121,-7649,12861,561,-1650,1076,-150,18,88
6557,-1152,-7679,12850,536,-1688,1071,-192,29,114
6535,-1185,-7696,12849,500,-1682,1103,-135,46,152
6511,-1218,-7697,12857,468,-1693,1118,-48,54,175
6489,-1245,-7693,12868,441,-1617,1094,-17,46,163
6472,-1265,-7694,12874,476,-1634,1117,-43,32,121
6461,-1285,-7699,12875,509,-1614,1125,-77,46,104
6442,-1306,-7697,12883,503,-1672,1126,-19,42,156
6423,-1320,-7674,12905,467,-1634,1124,113,43,167
6409,-1326,-7636,12934,477,-1576,1173,189,52,166
6397,-1330,-7603,12958,500,-1470,1161,133,53,160
6393,-1340,-7591,12967,518,-1522,1111,32,71,98
6394,-1342,-7575,12976,545,-1607,1128,87,67,67
6387,-1338,-7555,12991,571,-1727,1177,150,28,90
6381,-1323,-7512,13020,573,-1626,1197,285,28,117
6369,-1314,-7477,13047,584,-1559,1188,212,24,163
6350,-1314,-7475,13058,534,-1571,1031,73,-9,145
6345,-1283,-7424,13092,639,-1714,1201,402,-4,105
6339,-1248,-7365,13131,660,-1605,1334,380,-14,131
6337,-1211,-7287,13180,584,-1701,1221,585,16,94
6324,-1179,-7228,13221,579,-1454,1327,353,-39,157
6305,-1166,-7217,13237,509,-1550,1322,63,-84,114
6279,-1144,-7217,13252,572,-1698,1290,91,-138,129
6261,-1112,-7191,13277,591,-1644,1294,248,-110,110
6247,-1081,-7145,13311,525,-1535,1241,350,-67,107
6234,-1055,-7108,13339,470,-1464,1190,285,-71,83
6226,-1027,-7073,13363,448,-1442,1216,263,-78,36
6223,-993,-7047,13381,514,-1476,1223,232,-92,5
6221,-949,-7015,13402,543,-1505,1252,295,-119,-7
6235,-884,-6966,13425,590,-1530,1312,425,-129,-116
6263,-809,-6893,13454,625,-1492,1375,541,-92,-168
6279,-768,-6833,13480,604,-1493,1454,386,-10,-59
6280,-767,-6796,13499,543,-1507,1398,203,81,58
6275,-785,-6763,13517,403,-1431,1335,138,107,88
6277,-803,-6738,13527,391,-1495,1336,113,109,20
6288,-810,-6701,13540,456,-1644,1382,247,120,-28
6287,-809,-6644,13568,420,-1505,1409,328,87,53
6286,-814,-6598,13591,409,-1475,1378,260,92,48
6288,-815,-6549,13614,403,-1481,1407,289,82,33
6291,-812,-6490,13640,432,-1451,1411,339,103,39
6297,-813,-6431,13666,424,-1444,1419,338,125,33
6303,-810,-6372,13691,408,-1410,1438,328,105,22
6313,-812,-6319,13711,413,-1422,1460,288,125,2
6321,-822,-6273,13727,395,-1400,1473,220,140,16
6324,-829,-6217,13751,341,-1394,1624,236,97,34
6312,-824,-6188,13770,336,-1281,1499,124,-30,76
6306,-835,-6215,13760,393,-1412,1490,-175,-34,8
6297,-850,-6261,13742,398,-1464,1438,-267,-51,6
6284,-856,-6289,13735,413,-1457,1432,-141,-63,37
6274,-861,-6290,13738,406,-1484,1427,24,-6,48
6265,-870,-6290,13742,399,-1500,1441,22,11,52
6257,-872,-6279,13751,409,-1429,1477,55,6,59
6246,-875,-6273,13759,365,-1338,1441,11,-17,66
6236,-887,-6289,13755,357,-1493,1435,-81,-19,26
6231,-882,-6282,13761,393,-1482,1437,82,-30,15
6225,-875,-6258,13775,413,-1392,1498,130,-6,46
6214,-878,-6250,13783,346,-1348,1480,13,-24,63
6204,-875,-6258,13784,349,-1363,1412,-40,-73,22
6204,-866,-6261,13783,426,-1507,1484,26,-46,-30
6200,-862,-6247,13792,422,-1344,1495,52,-4,46
6188,-879,-6264,13789,350,-1430,1433,-113,1,55
6181,-885,-6274,13786,350,-1411,1444,-68,-33,11
6177,-886,-6284,13784,391,-1459,1492,-62,-35,5
6171,-889,-6292,13783,386,-1392,1452,-59,-26,23
6167,-892,-6303,13779,373,-1411,1443,-74,-34,4
6163,-891,-6317,13775,405,-1435,1446,-73,-39,-2
6158,-897,-6334,13769,405,-1450,1449,-101,-22,12
6153,-906,-6351,13763,386,-1446,1440,-113,-9,15
6150,-914,-6363,13758,393,-1451,1447,-88,-4,11
6145,-921,-6373,13755,380,-1424,1417,-66,-9,19
6143,-928,-6384,13750,397,-1470,1444,-76,4,2
6142,-934,-6389,13748,390,-1451,1416,-40,9,6
6140,-941,-6391,13747,385,-1458,1425,-18,15,11
6140,-941,-6391,13748,382,-1440,1428,-14,9,6
6139,-946,-6396,13745,386,-1451,1449,-45,0,0
6137,-951,-6400,13744,389,-1445,1434,-38,3,11
6135,-956,-6401,13744,378,-1446,1439,-26,8,10
6133,-960,-6405,13743,379,-1443,1419,-31,-4,5
6133,-960,-6405,13743,389,-1481,1434,-15,5,4
6130,-965,-6408,13742,383,-1440,1437,-35,1,14
6130,-969,-6411,13741,378,-1446,1434,-31,2,-1
6126,-973,-6416,13740,382,-1455,1422,-35,-7,11
6126,-973,-6416,13740,384,-1461,1430,-3,8,-2
6122,-976,-6419,13740,382,-1471,1425,-19,-8,15
6122,-977,-6419,13740,376,-1453,1421,3,5,4
6122,-977,-6419,13740,381,-1469,1430,-2,4,6
6118,-980,-6422,13740,372,-1436,1406,-24,-10,12
6117,-982,-6430,13737,386,-1448,1436,-62,-15,1
6114,-988,-6442,13732,389,-1451,1396,-76,-6,8
6113,-993,-6446,13730,371,-1484,1415,-26,2,-6
6113,-993,-6446,13730,379,-1464,1426,-2,-13,8
6113,-993,-6446,13730,377,-1441,1421,5,-16,8
6113,-993,-6445,13730,381,-1458,1414,1,-14,-8
6111,-993,-6449,13730,395,-1451,1426,-28,-16,7
6109,-993,-6453,13728,384,-1446,1409,-29,-17,-3
6108,-993,-6458,13727,391,-1473,1408,-21,-17,-4
6105,-994,-6463,13726,391,-1477,1407,-19,-14,7
6105,-994,-6463,13726,386,-1482,1407,-8,-11,-3
6105,-995,-6464,13725,391,-1493,1396,-1,-11,0
6101,-994,-6462,13728,380,-1459,1405,16,-15,12
6100,-995,-6458,13730,379,-1483,1418,27,1,6
6100,-991,-6448,13735,386,-1463,1409,62,-2,0
6099,-986,-6436,13742,386,-1472,1423,84,-7,9
6099,-977,-6412,13753,390,-1461,1436,154,-1,6
6103,-970,-6381,13767,396,-1476,1437,202,36,2
6103,-966,-6351,13781,391,-1496,1410,207,42,23
6097,-959,-6314,13801,402,-1453,1456,232,26,68
6093,-953,-6284,13817,373,-1388,1455,168,11,51
6088,-950,-6263,13829,378,-1389,1468,105,12,48
6084,-947,-6250,13836,381,-1425,1425,92,3,33
6077,-941,-6230,13849,359,-1367,1485,105,-20,48
6073,-936,-6227,13852,344,-1307,1469,-19,-44,7
6076,-933,-6238,13846,367,-1339,1487,-103,-37,-34
6081,-934,-6260,13834,400,-1378,1476,-156,-24,-40
6083,-946,-6293,13817,406,-1429,1465,-224,1,-27
6082,-966,-6332,13799,385,-1469,1431,-255,13,-6
6078,-983,-6368,13783,378,-1440,1423,-238,3,6
6073,-1000,-6403,13767,368,-1506,1397,-210,-4,1
6068,-1007,-6423,13760,375,-1484,1438,-122,-27,8
6061,-1012,-6441,13754,385,-1470,1429,-113,-31,26
6056,-1018,-6454,13750,371,-1461,1434,-97,-16,17
6052,-1023,-6471,13743,374,-1445,1402,-112,-23,6
6047,-1027,-6493,13735,387,-1450,1409,-141,-31,8
6041,-1037,-6526,13721,400,-1489,1394,-206,-29,15
6033,-1048,-6558,13709,392,-1507,1372,-186,-24,24
6031,-1057,-6574,13701,382,-1538,1371,-89,6,-4
6030,-1062,-6584,13696,389,-1504,1361,-53,3,4
6029,-1072,-6598,13689,393,-1463,1393,-120,18,14
6023,-1089,-6629,13676,387,-1486,1450,-246,-1,27
6018,-1102,-6643,13670,392,-1459,1358,-119,29,41
6018,-1113,-6649,13666,375,-1490,1358,-66,35,17
6012,-1126,-6658,13663,362,-1562,1370,-57,26,34
6005,-1136,-6667,13661,345,-1541,1351,-52,0,29
6005,-1136,-6667,13661,357,-1527,1363,-5,-13,-1
6007,-1133,-6662,13663,367,-1507,1371,31,-4,-18
6007,-1133,-6662,13663,376,-1500,1361,8,-15,-15
6007,-1129,-6666,13661,371,-1525,1361,-8,-31,-15
6006,-1124,-6668,13661,387,-1517,1371,2,-28,-10
6007,-1123,-6667,13662,384,-1485,1393,-2,-14,-5
6007,-1122,-6670,13660,383,-1466,1380,-39,-15,-8
6007,-1123,-6679,13655,393,-1509,1379,-60,-10,-5
6005,-1126,-6689,13651,376,-1503,1361,-68,-11,3
6004,-1128,-6696,13648,380,-1536,1372,-43,-7,-4
6001,-1130,-6708,13643,387,-1539,1347,-62,-18,5
6000,-1131,-6714,13641,390,-1541,1350,-24,-8,3
6000,-1131,-6714,13641,377,-1524,1356,-4,-4,6
6002,-1131,-6709,13642,380,-1532,1356,31,10,-10
6003,-1128,-6704,13645,380,-1508,1366,30,0,-4
6005,-1127,-6700,13646,369,-1498,1359,18,-1,-14
6008,-1124,-6695,13647,382,-1515,1374,27,1,-16
6008,-1124,-6694,13647,387,-1492,1357,11,-5,-6
6008,-1123,-6694,13647,397,-1521,1372,-12,0,-8
6008,-1123,-6695,13647,385,-1502,1347,-10,0,-3
6011,-1124,-6693,13647,389,-1539,1349,21,13,-14
6011,-1124,-6686,13650,381,-1524,1364,42,12,6
6013,-1123,-6675,13654,376,-1506,1372,54,17,-1
6016,-1122,-6667,13657,379,-1506,1361,47,16,-5
6019,-1120,-6659,13660,383,-1508,1376,43,14,-12
6021,-1119,-6652,13663,381,-1496,1376,35,11,-3
6022,-1119,-6646,13665,378,-1485,1381,25,12,3
6022,-1119,-6645,13665,369,-1496,1375,9,4,-3
6022,-1119,-6645,13665,383,-1496,1361,-15,5,-5
6022,-1119,-6646,13665,385,-1516,1371,3,4,-6
6022,-1119,-6646,13665,385,-1522,1375,9,4,-1
6022,-1119,-6646,13665,386,-1497,1378,15,0,1
6022,-1119,-6645,13665,378,-1490,1380,7,-2,-1
6022,-1119,-6645,13665,381,-1505,1378,-2,5,-7
6022,-1120,-6648,13664,380,-1502,1368,-22,-2,2
